mail,fullName,phoneNumber
rbraisher0@dion.ne.jp,Renato Braisher,876-985-2335
wwaddam1@spiegel.de,Winfield Waddam,743-699-2123
dconnolly2@statcounter.com,Dael Connolly,308-118-3186
mstollberg3@nasa.gov,Menard Stollberg,449-647-2883
nmckue4@phpbb.com,Nero McKue,131-594-1181
tallsup5@mayoclinic.com,Talbot Allsup,634-545-3984
aspincks6@joomla.org,Ardeen Spincks,709-633-5279
athunders7@cnn.com,Ailey Thunders,973-408-5747
hfrankel8@timesonline.co.uk,Harriet Frankel,895-102-9351
cfrushard9@tripadvisor.com,Clemmie Frushard,583-207-9669
gebenezera@sakura.ne.jp,Garrik Ebenezer,905-276-8807
cdummerb@last.fm,Cindee Dummer,755-809-1174
fmoylanc@e-recht24.de,Frederick Moylan,624-108-4975
dcotilardd@stanford.edu,Dian Cotilard,187-457-1263
ecrosswaitee@newsvine.com,Evelyn Crosswaite,645-980-1275
ddormanf@phoca.cz,Dulsea Dorman,343-388-9606
bdelnevog@wufoo.com,Berthe Delnevo,686-158-1044
capsh@tinypic.com,Colman Aps,507-416-3834
marchbutti@devhub.com,Mart Archbutt,984-520-4183
dwoolfj@sfgate.com,Demetris Woolf,402-102-2206
ajeacockek@ning.com,Allene Jeacocke,658-276-0424
caudibertl@howstuffworks.com,Chase Audibert,891-262-0572
ewetheredm@fc2.com,Eleonora Wethered,402-988-0657
amithonn@wix.com,Amandi Mithon,800-651-7461
olassletto@economist.com,Osbert Lasslett,631-172-8992
kmurrowp@acquirethisname.com,Kass Murrow,631-208-2851
gfrenscheq@webmd.com,Ginnie Frensche,682-466-0204
nbrokenshawr@hibu.com,Nelia Brokenshaw,814-403-5049
mthodys@moonfruit.com,Myrtia Thody,678-861-2276
rwynrahamet@bloglines.com,Roxi Wynrahame,760-385-2676
rleftwichu@gov.uk,Rycca Leftwich,343-675-2509
hglynv@toplist.cz,Huntlee Glyn,407-991-1084
ebalamw@ycombinator.com,Ewan Balam,654-254-1213
kloftusx@yolasite.com,Kary Loftus,821-515-9767
otoaly@umn.edu,Obidiah Toal,625-821-1385
rkordovaniz@mtv.com,Renato Kordovani,332-446-7618
ngeldert10@rambler.ru,Noami Geldert,569-252-7569
tdebrett11@t-online.de,Taryn Debrett,506-419-6578
malejandro12@omniture.com,Michele Alejandro,257-791-8147
gcaplin13@digg.com,Gabrielle Caplin,544-115-0822
mfilisov14@pcworld.com,Mellisent Filisov,530-675-7965
mstayte15@storify.com,Mil Stayte,388-914-1209
kvernham16@bloglovin.com,Kinnie Vernham,870-103-1605
cjime17@feedburner.com,Chan Jime,662-203-4204
yjellett18@wix.com,Ynes Jellett,552-279-8497
wmacgiolla19@cnbc.com,Whit MacGiolla,988-777-1614
egrimolbie1a@toplist.cz,Eyde Grimolbie,344-189-3658
dknappe1b@mediafire.com,Drud Knappe,462-451-4641
operkis1c@bravesites.com,Olin Perkis,625-267-0743
vhouten1d@4shared.com,Vivienne Houten,196-415-2599
